ID;NES10COUNTRY;NES10CRNAME;NES10PAÍS;COU_OR_REG;MEANS;NES10_A01_MEAN;NES10_A02_MEAN;NES10_A03_MEAN;NES10_A04_MEAN;NES10_A05_MEAN;NES10_A06_MEAN;NES10_B01_MEAN;NES10_B02_MEAN;NES10_B03_MEAN;NES10_B04_MEAN;NES10_B05_MEAN;NES10_B06_MEAN;NES10_B07_MEAN;NES10_C01_MEAN;NES10_C02_MEAN;NES10_C03_MEAN;NES10_C04_MEAN;NES10_C05_MEAN;NES10_C06_MEAN;NES10_D01_MEAN;NES10_D02_MEAN;NES10_D03_MEAN;NES10_D04_MEAN;NES10_D05_MEAN;NES10_D06_MEAN;NES10_E01_MEAN;NES10_E02_MEAN;NES10_E03_MEAN;NES10_E04_MEAN;NES10_E05_MEAN;NES10_E06_MEAN;NES10_F01_MEAN;NES10_F02_MEAN;NES10_F03_MEAN;NES10_F04_MEAN;NES10_F05_MEAN;NES10_G01_MEAN;NES10_G02_MEAN;NES10_G03_MEAN;NES10_G04_MEAN;NES10_G05_MEAN;NES10_G06_MEAN;NES10_H01_MEAN;NES10_H02_MEAN;NES10_H03_MEAN;NES10_H04_MEAN;NES10_H05_MEAN;NES10_I01_MEAN;NES10_I02_MEAN;NES10_I03_MEAN;NES10_I04_MEAN;NES10_I05_MEAN;NES10_K01_MEAN;NES10_K02_MEAN;NES10_K03_MEAN;NES10_K04_MEAN;NES10_K05_MEAN;NES10_L01_MEAN;NES10_L02_MEAN;NES10_L03_MEAN;NES10_L04_MEAN;NES10_L05_MEAN;NES10_M01_MEAN;NES10_M02_MEAN;NES10_M03_MEAN;NES10_M04_MEAN;NES10_M05_MEAN;NES10_N01_MEAN;NES10_N02_MEAN;NES10_N03_MEAN;NES10_N04_MEAN;NES10_N05_MEAN;NES10_P01_MEAN;NES10_P02_MEAN;NES10_P03_MEAN;NES10_P04_MEAN;NES10_P05_MEAN;NES10_Q01_MEAN;NES10_Q02_MEAN;NES10_Q03_MEAN;NES10_Q04_MEAN;NES10_Q05_MEAN;NES10_R01_MEAN;NES10_R02_MEAN;NES10_R03_MEAN;NES10_R04_MEAN;NES10_R05_MEAN;NES10_R06_MEAN;STDDEV;NES10_A01_SD;NES10_A02_SD;NES10_A03_SD;NES10_A04_SD;NES10_A05_SD;NES10_A06_SD;NES10_B01_SD;NES10_B02_SD;NES10_B03_SD;NES10_B04_SD;NES10_B05_SD;NES10_B06_SD;NES10_B07_SD;NES10_C01_SD;NES10_C02_SD;NES10_C03_SD;NES10_C04_SD;NES10_C05_SD;NES10_C06_SD;NES10_D01_SD;NES10_D02_SD;NES10_D03_SD;NES10_D04_SD;NES10_D05_SD;NES10_D06_SD;NES10_E01_SD;NES10_E02_SD;NES10_E03_SD;NES10_E04_SD;NES10_E05_SD;NES10_E06_SD;NES10_F01_SD;NES10_F02_SD;NES10_F03_SD;NES10_F04_SD;NES10_F05_SD;NES10_G01_SD;NES10_G02_SD;NES10_G03_SD;NES10_G04_SD;NES10_G05_SD;NES10_G06_SD;NES10_H01_SD;NES10_H02_SD;NES10_H03_SD;NES10_H04_SD;NES10_H05_SD;NES10_I01_SD;NES10_I02_SD;NES10_I03_SD;NES10_I04_SD;NES10_I05_SD;NES10_K01_SD;NES10_K02_SD;NES10_K03_SD;NES10_K04_SD;NES10_K05_SD;NES10_L01_SD;NES10_L02_SD;NES10_L03_SD;NES10_L04_SD;NES10_L05_SD;NES10_M01_SD;NES10_M02_SD;NES10_M03_SD;NES10_M04_SD;NES10_M05_SD;NES10_N01_SD;NES10_N02_SD;NES10_N03_SD;NES10_N04_SD;NES10_N05_SD;NES10_P01_SD;NES10_P02_SD;NES10_P03_SD;NES10_P04_SD;NES10_P05_SD;NES10_Q01_SD;NES10_Q02_SD;NES10_Q03_SD;NES10_Q04_SD;NES10_Q05_SD;NES10_R01_SD;NES10_R02_SD;NES10_R03_SD;NES10_R04_SD;NES10_R05_SD;NES10_R06_SD;MEDIANS;NES10_A01_MED;NES10_A02_MED;NES10_A03_MED;NES10_A04_MED;NES10_A05_MED;NES10_A06_MED;NES10_B01_MED;NES10_B02_MED;NES10_B03_MED;NES10_B04_MED;NES10_B05_MED;NES10_B06_MED;NES10_B07_MED;NES10_C01_MED;NES10_C02_MED;NES10_C03_MED;NES10_C04_MED;NES10_C05_MED;NES10_C06_MED;NES10_D01_MED;NES10_D02_MED;NES10_D03_MED;NES10_D04_MED;NES10_D05_MED;NES10_D06_MED;NES10_E01_MED;NES10_E02_MED;NES10_E03_MED;NES10_E04_MED;NES10_E05_MED;NES10_E06_MED;NES10_F01_MED;NES10_F02_MED;NES10_F03_MED;NES10_F04_MED;NES10_F05_MED;NES10_G01_MED;NES10_G02_MED;NES10_G03_MED;NES10_G04_MED;NES10_G05_MED;NES10_G06_MED;NES10_H01_MED;NES10_H02_MED;NES10_H03_MED;NES10_H04_MED;NES10_H05_MED;NES10_I01_MED;NES10_I02_MED;NES10_I03_MED;NES10_I04_MED;NES10_I05_MED;NES10_K01_MED;NES10_K02_MED;NES10_K03_MED;NES10_K04_MED;NES10_K05_MED;NES10_L01_MED;NES10_L02_MED;NES10_L03_MED;NES10_L04_MED;NES10_L05_MED;NES10_M01_MED;NES10_M02_MED;NES10_M03_MED;NES10_M04_MED;NES10_M05_MED;NES10_N01_MED;NES10_N02_MED;NES10_N03_MED;NES10_N04_MED;NES10_N05_MED
1;244;ANGOLA;ANGOLA;1; ;3;3;2;2;2;2;2;2;2;1;2;3;2;2;2;2;2;2;2;2;2;2;2;2;2;2;2;2;2;2;1;2;2;2;2;3;3;3;2;2;2;2;2;2;2;3;2;3;3;3;3;3;4;4;4;3;4;2;3;2;2;2;4;3;4;3;3;3;2;2;2;3;2;3;3;2;3;2;3;3;3;3;3;4;3;4;3;4; ;1;1;1;1;1;1;1;1;1;1;2;1;1;1;1;1;1;1;1;1;1;1;1;1;1;1;1;1;1;1;1;1;1;1;1;1;1;1;1;1;1;1;1;1;1;1;1;1;1;1;1;1;1;1;1;1;1;1;1;1;1;1;1;1;1;1;1;1;1;1;1;1;1;1;1;1;1;1;1;1;1;1;1;1;1;1;1;1;;2;2;2;2;2;1;2;2;2;1;2;3;1;2;2;2;2;1;1;2;2;1;2;2;2;2;2;2;2;1;1;2;2;2;2;3;3;3;2;2;2;1;1;2;2;3;2;3;3;3;3;3;4;4;4;2;4;2;2;2;2;2;4;4;4;4;4;2;2;2;2;3
2;54;ARGENTINA;ARGENTINA;1; ;2;2;2;2;2;2;2;2;2;1;2;2;2;2;3;2;3;2;2;2;2;2;3;3;3;2;2;2;2;3;2;3;3;3;3;2;3;3;3;2;3;2;3;4;3;4;4;3;3;3;3;3;4;3;3;2;3;2;3;2;3;2;3;3;3;3;3;3;2;2;3;3;3;3;3;3;4;3;2;3;3;2;3;4;3;4;3;3; ;1;1;1;1;1;1;1;1;1;1;1;1;1;1;1;1;1;1;1;1;1;1;1;1;1;1;1;1;1;1;1;1;1;1;1;1;1;1;1;1;1;1;1;1;1;1;1;1;1;1;1;1;1;1;1;1;1;1;1;1;1;1;1;1;1;1;1;1;1;1;1;1;1;1;1;1;1;1;1;1;1;1;1;1;1;1;1;1;;2;2;2;2;2;1;2;2;2;1;2;2;2;2;2;2;3;2;2;2;2;2;3;3;3;2;2;2;2;4;2;4;3;3;3;2;3;3;3;2;3;2;3;4;4;4;4;3;3;2;3;3;4;4;3;2;3;2;3;2;2;2;3;3;3;3;3;3;2;2;3;3
3;591;BOLIVIA;BOLIVIA;1; ;2;3;2;2;2;2;2;2;2;2;3;2;2;2;2;2;2;2;2;2;2;1;3;3;3;2;2;2;1;2;2;3;2;2;2;3;3;3;2;3;3;2;2;4;4;4;3;3;2;2;2;2;3;4;3;2;3;2;2;2;3;2;3;3;3;2;3;2;2;1;2;2;2;3;3;3;4;2;2;3;3;2;3;3;3;3;3;3; ;1;1;1;1;1;1;1;1;1;1;1;1;1;1;1;1;1;1;1;1;1;1;1;1;1;1;1;1;1;1;1;1;1;1;1;1;1;1;1;1;1;1;1;1;1;1;1;1;1;1;1;1;1;1;1;1;1;1;1;1;1;1;1;1;1;1;1;1;1;1;1;1;1;1;1;1;1;1;1;1;1;1;1;1;1;1;1;1;;2;2;2;2;2;2;2;1;2;1;2;2;2;1;2;2;2;2;2;2;2;1;3;3;3;2;2;2;1;2;2;3;2;2;2;3;2;3;2;2;3;2;2;4;4;4;3;2;2;2;2;2;4;4;3;2;3;2;2;2;3;2;3;3;4;2;3;2;2;1;2;2
4;387;BOSNIA & H;BOSNIA;1; ;2;3;2;2;2;2;2;2;2;2;2;2;2;2;2;2;2;2;2;2;2;2;2;3;2;2;2;2;2;2;2;3;2;2;3;4;4;4;2;2;2;2;2;3;4;3;3;2;2;2;2;2;3;3;3;3;3;2;2;2;2;2;3;3;4;3;3;2;2;2;2;2;3;3;3;3;4;2;2;2;2;2;2;3;3;3;3;3; ;1;1;1;1;1;1;1;1;1;1;1;1;1;1;1;1;1;1;1;1;1;1;1;1;1;1;1;1;1;1;1;1;1;1;1;1;1;1;1;1;1;1;1;1;1;1;1;1;1;1;1;1;1;1;1;1;1;1;1;1;1;1;1;1;1;1;1;1;1;1;1;1;1;1;1;1;1;1;1;1;1;1;1;1;1;1;1;1;;3;3;2;2;2;2;2;2;2;1;2;2;2;2;2;2;2;2;2;2;2;2;2;3;2;2;2;2;2;2;2;3;2;2;3;4;4;3;2;2;2;2;2;4;4;4;3;2;2;2;2;2;3;3;3;2;3;2;2;2;2;2;4;4;4;3;4;2;2;1;2;2
5;55;BRAZIL;BRASIL;1; ;3;3;3;2;2;2;2;2;2;1;1;2;1;2;3;2;2;2;3;2;1;1;2;3;3;2;2;2;3;3;2;3;2;2;3;3;4;4;2;2;2;2;3;3;4;4;4;3;3;2;3;3;4;4;4;3;4;2;2;2;2;2;4;3;4;4;4;3;2;1;3;3;2;4;3;3;4;3;3;3;3;3;3;4;3;4;3;3; ;1;1;1;1;1;1;1;1;1;0;1;1;0;1;1;1;1;1;1;1;1;1;1;1;1;1;1;1;1;1;1;1;1;1;1;1;1;1;1;1;1;1;1;1;1;1;1;1;1;1;1;1;1;1;1;1;1;1;1;1;1;1;1;1;1;1;1;1;1;1;1;1;1;1;1;1;1;1;1;1;1;1;1;1;1;1;1;1;;2;3;3;2;2;2;2;2;2;1;1;2;1;1;3;2;2;2;3;1;1;1;2;2;3;2;1;1;2;3;2;3;2;2;2;3;4;4;2;2;2;3;3;3;4;4;4;3;3;2;3;3;4;4;4;4;4;2;2;2;2;2;4;3;4;4;4;3;2;1;3;3
6;56;CHILE;CHILE;1; ;3;3;3;3;2;2;2;3;3;1;3;4;2;2;3;3;3;3;2;2;2;2;3;3;3;2;2;2;2;2;2;3;2;3;3;2;2;2;2;2;2;3;4;4;4;4;4;3;3;2;2;3;4;4;4;2;3;2;3;2;3;2;3;3;4;3;3;3;2;2;3;3;3;3;3;3;4;3;4;3;3;3;3;4;3;4;3;3; ;1;1;1;1;1;1;1;1;1;1;1;1;1;1;1;1;1;1;1;1;1;1;1;1;1;1;1;1;1;1;1;1;1;1;1;1;1;1;1;1;1;1;1;1;1;1;1;1;1;1;1;1;1;1;1;1;1;1;1;1;1;1;1;1;1;1;1;1;1;1;1;1;1;1;1;1;1;1;1;1;1;1;1;1;1;1;1;1;;3;2;3;3;2;1;2;3;2;1;3;4;2;2;3;3;3;2;2;2;2;1;3;3;3;2;2;2;2;2;2;4;2;3;3;2;2;2;2;2;2;3;4;4;4;4;4;3;3;2;2;3;4;4;4;2;3;2;2;2;2;2;3;3;4;4;4;3;2;2;3;3
7;86;CHINA;CHINA;1; ;3;2;3;2;3;2;2;3;3;2;3;3;2;2;4;2;3;2;3;2;2;2;3;3;3;3;2;2;2;3;3;3;2;2;3;2;4;4;3;3;3;2;4;4;4;4;4;4;3;3;3;3;4;3;4;3;3;2;3;2;3;3;4;3;4;4;4;3;3;2;3;4;4;4;3;4;3;3;4;3;4;4;4;3;4;3;3;3; ;1;1;1;1;1;1;1;1;1;1;1;1;1;1;1;1;1;1;1;1;1;1;1;1;1;1;1;1;1;1;1;1;1;1;1;1;1;1;1;1;1;1;1;1;1;1;1;1;1;1;1;1;1;1;1;1;1;1;1;1;1;1;1;1;1;1;1;1;1;1;1;1;1;1;1;1;1;1;1;1;1;1;1;1;1;1;1;1;;3;2;2;2;3;2;2;3;3;2;2;4;2;2;4;2;3;2;3;2;2;1;2;3;3;3;2;2;2;3;3;3;2;2;3;2;4;4;3;3;2;2;4;4;5;4;4;4;4;3;3;4;4;4;4;3;2;2;3;2;2;2;4;3;5;5;4;3;2;2;3;4
8;57;COLOMBIA;COLOMBIA;1; ;2;3;3;2;2;2;2;3;3;2;2;3;3;3;3;3;3;3;3;2;2;2;3;4;3;2;2;2;2;3;2;3;2;3;3;3;2;2;3;2;3;3;3;4;4;4;4;4;3;3;3;3;4;3;4;3;3;2;3;3;3;3;4;3;4;4;4;3;3;2;3;3;3;4;3;3;4;3;4;3;4;3;3;4;4;4;3;3; ;1;1;1;1;1;1;1;1;1;1;1;1;1;1;1;1;1;1;1;1;1;1;1;1;1;1;1;1;1;1;1;1;1;1;1;1;1;1;1;1;1;1;1;1;1;1;1;1;1;1;1;1;1;1;1;1;1;1;1;1;1;1;1;1;1;1;1;1;1;1;1;1;1;1;1;1;1;1;1;1;1;1;1;1;1;1;1;1;;2;3;2;2;2;1;2;3;2;2;2;3;3;2;4;3;4;3;3;2;2;2;3;4;4;2;2;2;2;3;2;3;2;3;3;3;2;2;3;2;3;3;3;4;4;4;4;4;4;3;3;3;4;4;4;3;3;2;3;3;3;2;4;4;4;4;4;3;3;1;3;4
9;506;COSTA RICA;COSTA RICA;1; ;3;3;2;2;2;2;2;3;2;1;2;2;2;2;3;2;2;2;2;2;2;2;3;3;3;2;2;1;2;3;2;4;2;3;3;3;2;2;2;2;2;3;3;4;3;4;4;3;3;2;3;3;3;3;4;2;3;2;3;2;2;2;3;3;4;3;3;3;2;2;3;3;2;3;3;3;4;2;3;3;2;2;3;4;3;4;3;3; ;1;1;1;1;1;1;1;1;1;1;1;1;1;1;1;1;1;1;1;1;1;1;1;1;1;1;1;1;1;1;1;1;1;1;1;1;1;1;1;1;1;1;1;1;1;1;1;1;1;1;1;1;1;1;1;1;1;1;1;1;1;1;1;1;1;1;1;1;1;1;1;1;1;1;1;1;1;1;1;1;1;1;1;1;1;1;1;1;;2;2;1;2;1;1;2;3;2;1;2;2;1;1;3;2;2;2;2;2;2;1;3;3;3;2;2;1;1;2;2;4;2;2;2;2;2;2;2;2;2;3;3;4;3;4;4;3;2;2;2;3;3;3;4;2;3;2;2;2;2;2;3;3;4;3;3;3;2;2;2;3
10;385;CROATIA;CROACIA;1; ;2;3;3;2;2;2;2;3;3;2;2;2;2;2;3;3;3;2;2;2;2;2;2;3;3;2;2;2;3;2;3;3;2;3;3;3;3;3;2;2;2;2;4;4;4;3;3;2;2;2;3;2;3;3;3;3;3;2;2;2;2;2;3;3;3;3;3;3;3;2;3;2;3;3;3;3;3;2;3;3;3;3;2;4;3;4;3;3; ;1;1;1;1;1;1;1;1;1;1;1;1;1;1;1;1;1;1;1;1;1;1;1;1;1;1;1;1;1;1;1;1;1;1;1;1;1;1;1;1;1;1;1;1;1;1;1;1;1;1;1;1;1;1;1;1;1;1;1;1;1;1;1;1;1;1;1;1;1;1;1;1;1;1;1;1;1;1;1;1;1;1;1;1;1;1;1;1;;2;3;3;2;2;2;2;2;2;2;2;2;2;2;4;3;3;2;2;2;2;2;2;3;3;2;2;2;2;2;2;3;2;3;4;3;3;3;2;2;2;3;4;4;5;3;3;2;2;2;3;2;3;4;3;3;3;2;2;2;2;2;3;3;3;3;3;3;3;2;3;2
11;593;ECUADOR;ECUADOR;1; ;2;3;2;2;2;2;2;3;3;1;2;3;2;2;2;2;2;2;2;2;2;2;3;3;3;2;2;2;2;2;2;3;2;3;3;3;3;3;2;2;2;2;3;3;3;4;4;3;3;2;2;3;3;3;3;2;3;2;3;3;2;2;3;3;4;3;4;2;2;1;2;3;3;3;3;3;4;2;3;3;3;3;2;4;3;4;3;3; ;1;1;1;1;1;1;1;1;1;0;1;1;1;1;1;1;1;1;1;1;1;1;1;1;1;1;1;1;1;1;1;1;1;1;1;1;1;1;1;1;1;1;1;1;1;1;1;1;1;1;1;1;1;1;1;1;1;1;1;1;1;1;1;1;1;1;1;1;1;1;1;2;1;1;1;1;1;1;1;1;1;1;1;1;1;1;1;1;;2;3;2;2;2;2;2;3;3;1;2;3;2;1;2;2;2;2;2;2;2;2;3;3;3;2;2;2;2;2;1;3;2;3;4;4;3;3;2;2;2;2;3;4;4;4;4;3;3;2;2;2;3;4;3;2;2;2;3;3;2;2;4;3;4;3;4;2;2;1;2;3
12;20;EGYPT;EGIPTO;1; ;3;3;3;3;2;3;2;3;3;2;2;3;2;2;2;2;2;2;2;1;1;1;2;2;2;2;2;2;2;2;2;3;2;2;3;3;3;3;2;3;2;2;3;4;4;4;3;3;2;2;2;2;3;4;3;3;3;2;2;2;2;2;3;3;4;3;3;2;2;2;2;2;2;3;2;2;3;3;3;3;3;3;2;3;3;3;3;3; ;1;1;1;1;1;1;1;1;1;1;1;1;1;1;1;1;1;1;1;1;1;1;1;1;1;1;1;1;1;1;1;1;1;1;1;1;1;1;1;1;1;1;1;1;1;1;1;1;1;1;1;1;1;1;1;1;1;1;1;1;1;1;1;1;1;1;1;1;1;1;1;1;1;1;1;1;1;1;1;1;1;1;1;1;1;1;1;1;;2;2;3;3;2;3;2;3;3;1;2;3;2;2;2;2;2;2;2;1;1;1;2;2;2;1;1;1;2;2;2;3;2;2;3;3;4;3;2;3;2;2;3;4;4;4;4;2;2;2;2;2;4;4;4;3;3;2;2;2;2;2;4;3;4;3;4;2;2;2;2;2
13;358;FINLAND;FINLANDIA;1; ;3;4;4;2;3;3;2;4;4;3;3;3;3;2;4;4;2;3;2;3;2;2;3;3;3;3;3;2;3;3;3;4;3;3;4;4;3;3;3;2;3;3;4;4;4;5;4;3;3;2;3;3;4;4;4;4;3;2;3;3;3;3;4;3;4;4;4;4;4;4;4;4;4;4;4;4;5;4;4;3;3;4;3;4;4;4;3;3; ;1;1;1;1;1;1;1;1;1;1;1;1;1;1;1;1;1;1;1;1;1;1;1;1;1;1;1;1;1;1;1;1;1;1;1;1;1;1;1;1;1;1;1;1;1;1;1;1;1;1;1;1;1;1;1;1;1;1;1;1;1;1;1;1;1;1;1;1;1;1;1;1;1;1;1;1;1;1;1;1;1;1;1;1;1;1;1;1;;3;4;4;2;3;4;2;4;4;3;4;4;4;3;4;4;2;3;3;3;2;2;3;3;3;2;2;2;3;3;3;4;2;3;4;4;3;3;2;2;3;4;4;5;4;5;5;3;3;2;3;3;4;4;4;4;3;2;3;2;3;3;4;2;4;4;4;4;4;4;4;4
14;33;FRANCE;FRANCIA;1; ;2;3;3;2;2;2;2;4;3;2;3;3;3;3;4;3;3;3;3;2;2;1;3;4;3;2;2;2;3;3;3;4;2;3;4;3;3;3;2;2;2;2;4;4;4;3;4;2;2;2;3;2;4;4;4;2;3;2;2;2;2;2;2;3;3;3;3;4;3;2;3;4;3;3;2;3;4;4;4;3;4;3;3;4;4;4;3;3; ;1;1;1;1;1;1;1;1;1;1;2;1;1;1;1;1;1;1;1;1;1;1;1;1;1;1;1;1;1;1;1;1;1;1;1;1;1;1;1;1;1;1;1;1;1;1;1;1;1;1;1;1;0;1;1;1;1;1;1;1;1;1;1;1;1;1;1;1;1;1;1;1;1;1;1;1;1;2;1;1;1;1;1;1;1;1;1;1;;2;2;4;2;2;2;2;4;4;2;2;4;3;3;4;4;4;2;3;2;1;1;3;4;3;2;2;2;3;3;3;4;3;3;4;3;2;3;2;2;2;2;4;4;4;4;4;2;2;2;3;2;4;4;4;2;3;2;2;1;2;2;2;3;3;3;4;4;3;2;3;4
15;49;GERMANY;ALEMANIA;1; ;3;3;4;2;3;2;2;4;4;2;3;3;2;3;4;4;4;3;3;2;2;2;3;3;3;3;3;2;3;3;3;4;3;3;4;3;3;3;3;3;3;3;4;4;3;4;4;3;3;2;3;3;4;3;3;3;3;2;3;2;2;2;3;2;3;3;3;4;4;3;3;4;3;3;3;3;4;4;4;3;4;4;3;4;4;4;3;3; ;1;1;1;1;1;1;1;1;1;1;1;1;1;1;1;1;1;1;1;1;1;1;1;1;1;1;1;1;1;1;1;1;1;1;1;1;1;1;1;1;1;1;1;1;1;1;1;1;1;1;1;1;1;1;1;1;1;1;1;1;1;1;1;1;1;1;1;1;1;1;1;1;1;1;1;1;1;1;1;1;1;1;1;1;1;1;1;1;;3;3;4;2;3;2;2;4;4;2;3;3;2;4;4;4;4;4;3;2;2;2;3;3;2;3;2;2;3;3;4;4;3;3;4;3;3;3;3;2;2;3;4;4;4;4;4;3;2;2;3;3;4;4;3;3;3;2;2;2;2;2;3;2;4;3;3;4;4;3;3;4
16;233;GHANA;GHANA;1; ;2;2;2;3;3;3;2;3;3;2;2;3;2;2;2;2;3;2;2;2;2;2;2;3;3;2;2;2;2;2;2;3;3;3;3;4;3;3;3;2;3;2;3;3;3;3;3;3;3;3;3;3;4;4;4;3;4;2;3;3;3;2;3;3;4;3;4;3;2;2;2;3;3;3;3;3;3;3;4;3;3;3;3;4;4;4;3;3; ;1;1;1;1;1;1;1;1;1;1;1;1;1;1;1;1;1;1;1;1;1;1;1;1;1;1;1;1;1;1;1;1;1;1;1;1;1;1;1;1;1;1;1;1;1;1;1;1;1;1;1;1;1;1;1;1;1;1;1;1;1;1;1;1;1;1;1;1;1;1;1;1;1;1;1;1;1;1;1;1;1;1;1;1;1;1;1;1;;2;2;2;2;3;3;2;4;3;1;1;3;2;1;2;2;3;2;2;3;2;1;3;3;3;2;2;2;2;2;2;4;2;3;4;4;3;3;3;2;3;2;3;4;4;3;3;4;3;3;3;3;4;4;4;3;4;2;3;2;3;2;4;3;5;4;4;3;2;2;2;3
17;30;GREECE;GRECIA;1; ;2;2;2;2;2;2;2;2;1;1;2;2;2;1;2;3;2;2;2;2;2;2;2;3;2;2;2;2;2;2;2;3;2;3;3;3;2;2;2;3;2;2;3;3;3;3;3;3;3;3;2;3;2;2;2;2;2;2;3;3;3;3;3;3;3;3;3;3;2;2;3;3;2;3;2;2;3;2;2;2;3;3;3;3;3;3;3;3; ;1;1;1;1;1;1;1;1;1;0;1;1;1;1;1;1;1;1;1;1;1;1;1;1;1;1;1;1;1;1;1;1;1;1;1;1;1;1;1;1;1;1;1;1;1;1;1;1;1;1;1;1;1;1;1;1;1;1;1;1;1;1;1;1;1;1;1;1;1;1;1;1;1;1;1;1;1;1;1;1;1;1;1;1;1;1;1;1;;2;2;2;2;2;1;1;2;1;1;2;2;1;1;2;2;2;2;2;2;2;2;2;3;2;2;2;2;2;2;2;3;2;2;3;3;2;2;2;2;2;2;3;3;3;3;3;3;3;3;2;3;2;2;2;2;2;2;3;3;3;3;4;4;3;3;3;3;2;2;3;3
18;502;GUATEMALA;GUATEMALA;1; ;2;3;2;2;2;1;2;2;2;2;2;3;2;2;2;2;2;2;2;2;1;2;3;3;3;2;2;2;1;2;2;3;2;3;3;4;3;3;2;3;2;2;3;4;4;4;4;3;2;2;3;3;4;4;3;3;3;2;3;2;3;2;3;4;4;3;3;3;2;2;2;2;2;3;3;3;4;2;2;3;3;2;3;4;3;4;3;4; ;1;1;1;1;1;1;1;1;1;1;1;1;1;1;1;1;1;1;1;1;1;1;1;1;1;1;1;1;1;1;1;1;1;1;1;1;1;1;1;1;1;1;1;1;1;1;1;1;1;1;1;1;1;1;1;1;1;1;1;1;1;1;1;1;1;1;1;1;1;1;1;1;1;1;1;1;1;1;1;1;1;1;1;1;1;1;1;1;;2;3;1;2;1;1;2;1;2;1;2;2;2;1;2;1;2;1;1;2;1;1;3;3;3;2;2;2;1;1;2;3;2;3;3;4;3;2;2;2;2;1;3;4;5;4;4;3;2;2;2;3;4;4;3;2;3;2;3;2;2;2;3;4;4;3;3;3;2;1;2;2
19;36;HUNGARY;HUNGRÍA;1; ;2;2;2;2;2;2;2;3;2;2;2;2;1;2;3;2;2;2;2;2;2;2;3;3;3;2;2;2;2;3;2;3;2;3;3;3;3;3;2;2;2;2;3;4;4;4;3;2;2;2;2;3;3;3;3;3;2;2;2;2;2;2;3;3;3;3;3;3;3;2;2;3;2;3;2;2;3;2;3;3;3;3;3;3;3;3;3;3; ;1;1;1;1;1;1;1;1;1;1;1;1;1;1;1;1;1;1;1;1;1;1;1;1;1;1;1;1;1;1;1;1;1;1;1;1;1;1;1;1;1;1;1;1;1;1;1;1;1;1;1;1;1;1;1;1;1;1;1;1;1;1;1;1;1;1;1;1;1;1;1;1;1;1;1;1;1;1;1;1;1;1;1;1;1;1;1;1;;2;2;2;2;2;2;2;3;2;1;1;1;1;1;3;2;2;2;2;2;1;1;3;3;3;2;1;2;2;3;2;3;2;2;4;3;3;3;2;2;2;3;3;4;4;3;3;3;2;2;2;3;2;3;3;3;2;2;2;2;2;2;3;3;3;2;2;4;3;2;2;4
20;354;ICELAND;ISLANDIA;1; ;2;2;2;2;2;2;3;3;3;4;3;3;3;2;3;3;3;3;3;3;2;2;3;4;3;3;3;2;2;3;3;3;2;3;4;3;4;3;3;2;3;3;5;4;5;4;5;4;4;4;4;4;4;3;3;4;3;3;4;4;4;4;3;3;4;4;4;4;3;3;3;3;4;5;4;4;5;3;4;3;3;3;4;4;4;4;4;4; ;1;1;1;1;1;1;1;1;1;1;1;1;1;1;1;1;1;1;1;1;1;1;1;1;1;1;1;1;1;1;1;1;1;1;1;1;1;1;1;1;1;1;1;1;1;1;1;1;1;1;1;1;1;1;1;1;1;1;1;1;1;1;1;1;1;1;1;1;1;1;1;1;1;1;1;1;1;1;1;1;1;1;1;1;1;1;1;1;;2;1;2;2;2;2;3;3;3;4;3;3;4;2;4;3;4;3;3;2;2;2;3;4;3;3;3;2;3;4;3;3;2;3;4;3;4;3;4;2;3;3;5;5;5;5;5;4;4;4;4;4;4;3;3;4;3;3;4;4;4;4;3;3;4;4;4;4;3;4;4;3
21;98;IRAN;IRAN;1; ;2;2;2;2;2;2;2;2;2;2;2;3;2;2;2;2;2;2;2;2;1;1;2;2;3;2;2;3;2;2;2;2;2;2;3;2;4;3;2;2;2;2;3;4;3;4;3;2;3;2;2;3;3;3;2;2;2;1;2;2;2;2;3;2;4;3;4;1;1;1;2;2;2;2;2;2;3;2;2;2;2;2;3;4;3;4;2;3; ;1;1;1;1;1;1;1;1;1;1;1;1;1;1;1;1;1;1;1;1;1;1;1;1;1;1;1;1;1;1;1;1;1;1;1;1;1;1;1;1;1;1;1;1;1;1;1;1;1;1;1;1;1;1;1;1;1;1;1;1;1;1;1;1;1;1;1;1;0;0;1;1;1;1;1;1;1;1;1;1;1;1;1;1;1;1;1;1;;2;2;2;2;2;2;2;2;2;1;2;2;2;2;2;2;2;2;2;2;1;1;2;2;3;2;2;2;2;2;2;2;2;2;3;2;4;3;2;2;2;2;3;4;4;4;3;2;3;2;2;3;3;3;2;2;2;1;2;2;2;2;3;2;4;3;4;1;1;1;2;2
22;353;IRELAND;IRLANDA;1; ;2;2;3;2;3;2;2;3;3;2;3;3;2;3;4;3;4;3;3;2;2;2;3;3;3;3;2;2;2;3;3;4;2;3;4;3;3;3;3;2;3;3;3;4;3;3;4;3;3;3;3;3;4;3;3;3;3;2;3;3;3;3;4;3;4;4;4;4;4;3;3;4;2;4;3;3;4;4;4;3;4;4;3;4;4;4;3;3; ;1;1;1;1;1;1;1;1;1;1;1;1;1;1;1;1;1;1;1;1;1;1;1;1;1;1;1;1;1;1;1;1;1;1;1;1;1;1;1;1;1;1;1;1;1;1;1;1;1;1;1;1;1;1;1;1;1;1;1;1;1;1;1;1;1;1;1;1;1;1;1;1;1;1;1;1;1;1;1;1;1;1;1;1;1;1;1;1;;2;2;3;2;3;2;2;4;3;2;2;3;2;4;4;4;4;3;3;2;2;2;2;3;3;3;2;2;2;3;3;4;2;3;4;3;3;3;3;2;3;3;4;4;4;3;4;4;3;3;3;3;4;3;3;4;3;2;3;3;2;2;4;4;4;4;4;4;4;3;4;4
23;972;ISRAEL;ISRAEL;1; ;3;3;3;3;3;3;2;2;2;1;3;2;2;2;3;3;3;2;2;2;2;2;3;3;3;3;2;2;2;3;3;4;3;3;4;3;2;2;2;2;2;2;3;4;5;4;4;4;4;4;4;4;4;3;3;3;3;3;3;3;3;3;4;4;5;4;4;4;3;2;3;2;3;4;3;3;3;3;3;3;3;3;4;4;4;4;3;4; ;1;1;1;1;1;1;1;1;1;1;1;1;1;1;1;1;1;1;1;1;1;1;1;1;1;1;1;1;1;1;1;1;1;1;1;1;1;1;1;1;1;1;1;1;1;1;1;1;1;1;1;1;1;1;1;1;1;1;1;1;1;1;1;1;1;1;1;1;1;1;1;1;1;1;1;1;1;1;1;1;1;1;1;1;1;1;1;1;;3;3;2;4;3;3;2;2;2;1;2;2;2;2;4;3;2;2;2;2;2;1;3;4;3;3;2;2;2;3;4;4;3;4;5;3;2;2;2;2;2;2;3;4;5;5;4;4;4;4;5;4;4;3;3;3;3;3;4;3;4;3;4;4;5;5;4;4;3;2;3;3
24;39;ITALY;ITALIA;1; ;2;2;2;2;2;2;2;2;2;1;2;2;2;2;3;2;2;2;2;2;1;1;2;3;3;2;2;2;2;3;2;3;2;2;3;2;3;3;2;2;2;2;2;3;2;3;3;2;2;2;3;2;2;3;3;2;2;2;3;2;3;3;4;3;4;4;4;3;3;1;3;3;2;3;2;2;4;2;3;2;3;2;3;4;3;4;3;3; ;1;1;1;1;1;1;1;1;1;1;1;1;1;1;1;1;1;1;1;1;1;1;1;1;1;1;1;1;1;1;1;1;1;1;1;1;1;1;1;1;1;1;1;1;1;1;1;1;1;1;1;1;1;1;1;1;1;1;1;1;1;1;1;1;1;1;1;1;1;1;1;1;1;1;1;1;1;1;1;1;1;1;1;1;1;1;1;1;;2;2;2;2;2;2;1;2;2;1;1;2;1;2;3;2;3;2;2;2;1;1;2;3;3;2;2;2;2;3;2;3;2;2;3;2;3;3;2;2;2;2;2;3;2;3;3;2;2;2;3;3;2;2;3;2;2;2;3;2;3;2;4;3;4;4;4;4;2;1;2;4
25;876;JAMAICA;JAMAICA;1; ;2;3;2;2;2;2;2;3;2;1;2;3;2;2;2;3;3;3;3;3;2;2;3;3;3;2;2;2;2;3;2;3;2;3;4;4;2;2;3;2;3;3;3;4;4;3;4;4;3;3;4;4;3;3;3;3;3;2;3;3;3;2;4;3;4;4;4;3;2;2;2;3;3;4;3;3;3;2;3;3;3;3;3;4;3;4;3;4; ;1;1;1;1;1;1;1;1;1;1;1;1;1;1;1;1;1;1;1;1;1;1;1;1;1;1;1;1;1;1;1;1;1;1;1;1;1;1;1;1;1;1;1;1;1;1;1;1;1;1;1;1;1;1;1;1;1;1;1;1;1;1;1;1;1;1;1;1;1;1;1;1;1;1;1;1;1;1;1;1;1;1;1;1;1;1;1;1;;2;3;2;2;2;2;2;3;2;1;1;3;1;2;2;2;3;2;3;3;2;2;3;3;3;2;2;2;2;2;2;3;2;3;4;4;2;2;3;2;3;2;3;4;4;3;4;4;4;3;4;4;4;3;3;3;3;2;2;2;2;2;4;4;5;4;4;4;2;2;2;3
26;81;JAPAN;JAPÓN;1; ;2;2;2;2;2;3;2;3;3;1;2;2;2;2;3;3;2;2;2;2;2;1;2;3;2;2;2;2;2;3;3;3;2;2;2;2;4;4;2;2;2;3;3;4;4;4;4;3;2;2;2;2;3;3;3;3;2;2;2;1;2;2;2;2;3;4;3;3;3;3;3;3;2;2;2;3;2;3;3;2;3;3;3;4;3;3;2;3; ;1;1;1;1;1;1;1;1;1;1;1;1;1;1;1;1;1;1;1;1;1;1;1;1;1;1;1;1;1;1;1;1;1;1;1;1;1;1;1;1;1;1;1;1;1;1;1;1;1;1;1;1;1;1;1;1;1;1;1;0;1;1;1;1;1;1;1;1;1;1;1;1;1;1;1;1;1;1;1;1;1;1;1;1;1;1;1;1;;2;2;2;2;2;2;2;2;3;1;2;2;2;2;3;3;3;2;2;2;1;1;2;3;2;2;2;2;2;3;3;2;2;2;2;2;4;4;2;2;2;3;3;4;4;4;4;3;2;2;2;2;3;3;3;2;2;2;2;1;2;1;2;2;3;4;3;3;3;3;3;3
27;82;S. KOREA;COREA S.;1; ;2;2;3;2;2;2;3;3;3;3;3;3;3;2;3;3;3;3;3;2;2;2;2;3;2;2;2;2;2;3;3;3;2;2;3;2;4;4;3;2;2;3;4;4;4;4;4;3;3;3;3;3;3;3;3;3;3;2;3;2;3;2;3;3;4;3;4;4;3;2;3;3;2;3;3;2;3;3;3;3;3;3;3;4;4;4;2;3; ;1;1;1;1;1;1;1;1;1;1;1;1;1;1;1;1;1;1;1;1;1;1;1;1;1;1;1;1;1;1;1;1;1;1;1;1;1;1;1;1;1;1;1;1;1;1;1;1;1;1;1;1;1;1;1;1;1;1;1;0;1;1;1;1;1;1;1;1;1;1;1;1;1;1;1;1;1;1;1;1;1;1;1;1;1;1;1;1;;2;2;2;2;2;2;3;3;3;3;3;3;3;2;3;3;3;3;3;2;2;2;2;2;2;2;2;2;2;3;3;2;2;2;3;2;4;4;3;2;2;3;4;4;4;4;4;3;3;3;3;3;3;3;4;3;3;2;3;2;3;2;3;3;4;3;4;4;3;2;3;3
28;371;LATVIA;LETONIA;1; ;2;2;2;2;3;2;2;3;3;2;2;2;3;2;3;3;2;2;2;3;3;3;3;3;3;2;3;2;3;3;2;4;3;4;4;4;3;3;3;3;3;3;3;4;4;4;4;3;3;3;3;3;4;4;3;3;4;2;3;2;2;2;4;3;4;3;4;3;3;2;3;3;3;4;3;4;4;3;3;3;4;3;3;3;3;3;3;4; ;1;1;1;1;1;1;1;1;1;1;1;1;1;1;1;1;1;1;1;1;1;1;1;1;1;1;1;1;1;1;1;1;1;1;1;1;1;1;1;1;1;1;1;1;1;1;1;1;1;1;1;1;1;1;1;1;1;1;1;1;1;1;1;1;1;1;1;1;1;1;1;1;1;1;1;1;1;1;1;1;1;1;1;1;1;1;1;1;;2;2;2;2;3;2;2;3;2;2;2;2;2;2;3;3;2;2;2;3;3;3;3;4;3;2;3;2;3;2;2;4;3;4;4;4;3;2;3;3;3;3;3;5;5;4;4;3;3;3;3;3;4;4;3;4;4;2;3;2;3;2;4;3;4;4;4;3;3;2;3;3
29;389;MACEDONIA;MACEDONIA;1; ;2;3;2;2;2;2;2;3;2;3;3;3;2;3;3;2;2;3;2;2;2;2;3;3;3;2;2;2;2;2;2;3;3;3;4;4;3;3;2;2;2;2;3;4;4;4;3;2;2;2;3;3;3;3;4;3;3;2;3;2;2;2;3;2;3;3;4;4;3;2;3;4;3;3;3;4;5;2;3;3;3;3;3;4;3;4;3;3; ;1;1;1;1;1;1;1;1;1;1;1;1;1;1;1;1;1;1;1;1;1;1;1;1;1;1;1;1;1;1;1;1;1;1;1;1;1;1;1;1;1;1;1;1;1;1;1;1;1;1;1;1;1;1;1;1;1;1;1;1;1;1;1;1;1;1;1;1;1;1;1;1;1;1;1;1;1;1;1;1;1;1;1;1;1;1;1;1;;2;3;2;1;2;1;2;3;3;3;3;3;2;2;3;2;2;3;2;2;2;2;3;3;3;2;2;2;2;2;2;4;3;3;4;4;3;3;2;2;2;2;3;4;4;4;4;2;2;2;3;2;3;4;4;3;3;2;3;2;2;2;4;2;4;3;4;4;2;1;3;4
30;60;MALAYSIA;MALASIA;1; ;4;4;4;3;3;4;3;3;3;2;3;3;2;3;3;4;3;3;3;2;2;2;3;3;3;3;3;2;3;3;3;3;3;3;3;3;3;3;3;3;3;2;4;4;4;4;4;3;3;3;3;3;4;4;4;4;4;2;3;3;3;3;4;3;4;4;4;3;3;3;3;3;3;4;3;3;4;3;3;3;3;3;3;4;4;4;3;4; ;1;1;1;1;1;1;1;1;1;1;1;1;1;1;1;1;1;1;1;1;1;1;1;1;1;1;1;1;1;1;1;1;1;1;1;1;1;1;1;1;1;1;1;1;1;1;1;1;1;1;1;1;1;1;1;1;1;1;1;1;1;1;1;1;1;1;1;1;1;1;1;1;1;1;1;1;1;1;1;1;1;1;1;1;1;1;1;1;;4;4;4;3;3;4;3;4;3;2;3;3;2;3;4;4;3;2;3;2;2;2;3;3;4;2;2;2;3;3;3;3;3;3;4;3;4;3;3;3;2;2;4;4;4;4;4;4;3;3;3;3;4;4;4;4;4;2;3;3;3;3;4;3;4;4;4;3;3;2;3;3
31;52;MEXICO;MÉJICO;1; ;3;3;3;3;2;2;3;3;3;2;2;3;2;3;3;3;3;3;3;2;2;2;3;4;4;3;3;2;3;3;2;4;2;3;3;3;3;3;3;3;3;2;4;3;4;4;4;4;3;3;3;3;4;4;4;3;3;2;3;2;3;3;4;4;4;4;4;3;3;2;3;3;3;4;3;3;4;3;3;3;3;4;3;4;3;4;3;3; ;1;1;1;1;1;1;1;1;1;1;1;1;1;1;1;1;1;1;1;1;1;1;1;1;1;1;1;1;1;1;1;1;1;1;1;1;1;1;1;1;1;1;1;1;1;1;1;1;1;1;1;1;1;1;1;1;1;1;1;1;1;1;1;1;1;1;1;1;1;1;1;1;1;1;1;1;1;1;1;1;1;1;1;1;1;1;1;1;;3;3;3;3;2;2;3;4;4;2;2;2;2;3;4;3;3;3;3;2;2;2;4;4;4;3;3;2;3;3;2;4;2;3;3;3;3;3;3;3;2;2;4;3;4;4;4;4;4;3;3;4;4;4;4;3;3;2;3;2;3;2;4;4;4;4;4;4;3;1;3;4
32;382;MONTENEGRO;MONTENEGRO;1; ;3;3;3;3;2;2;3;3;2;2;3;3;2;2;2;3;3;3;3;2;2;2;3;4;3;2;3;3;3;2;3;3;2;3;4;4;4;4;2;2;2;3;3;4;5;4;4;2;3;2;2;3;3;4;4;3;3;2;2;2;2;2;4;3;4;3;4;3;2;3;3;3;3;3;3;3;3;3;3;3;3;3;2;4;3;4;3;3; ;1;1;1;1;1;1;1;1;1;1;1;1;1;1;1;1;1;1;1;1;1;1;1;1;1;1;1;1;1;1;1;1;1;1;1;1;1;1;1;1;1;1;1;1;1;1;1;1;1;1;1;1;1;1;1;1;1;1;1;1;1;1;1;1;1;1;1;1;1;1;1;1;1;1;1;1;1;1;1;1;1;1;1;1;1;1;1;1;;3;3;3;2;2;2;2;3;2;2;3;3;2;2;2;3;4;3;3;2;2;2;3;4;3;2;3;3;2;2;2;3;2;2;4;4;4;4;2;2;2;3;2;4;5;4;4;2;3;2;2;3;4;4;4;3;3;2;2;2;2;2;4;3;4;3;4;3;2;2;3;3
33;47;NORWAY;NORUEGA;1; ;3;3;3;3;3;4;2;3;3;2;3;3;3;3;3;3;3;3;3;3;2;2;2;3;2;2;2;2;2;4;3;4;2;3;3;4;3;3;2;2;2;3;3;4;5;4;4;3;3;2;2;2;3;4;4;3;3;2;3;3;2;3;3;3;3;3;4;4;3;2;3;4;4;4;4;4;5;3;3;2;4;3;3;3;3;3;3;3; ;1;1;1;1;1;1;1;1;1;1;1;1;1;1;1;1;1;1;1;1;1;1;1;1;1;1;1;1;1;1;1;1;1;1;1;1;1;1;1;1;1;1;1;1;1;1;1;1;1;1;1;1;1;1;1;1;1;1;1;1;1;1;1;1;1;1;1;1;1;1;1;1;1;1;1;1;1;1;1;1;1;1;1;1;1;1;1;1;;2;2;2;2;3;4;2;2;3;1;3;3;2;3;4;3;3;3;3;2;2;2;2;3;2;2;2;2;2;4;3;4;2;3;4;4;3;3;2;2;2;3;2;4;5;4;5;3;3;2;2;2;4;4;4;3;3;2;3;2;2;3;3;3;3;4;4;4;3;2;3;4
34;92;PAKISTAN;PAQUISTÁN;1; ;3;3;2;3;2;2;2;2;2;1;3;3;2;2;2;2;2;2;2;2;1;1;2;3;3;2;2;2;2;3;2;3;3;3;4;4;3;3;3;3;3;2;3;4;4;3;3;3;3;3;3;3;4;4;4;3;4;2;3;3;3;3;4;3;4;3;4;3;2;2;2;2;2;3;2;2;3;2;3;2;3;2;3;4;3;3;3;3; ;1;1;1;1;1;1;1;1;1;1;1;1;1;1;1;1;1;1;1;1;1;1;1;1;1;1;1;1;1;1;1;1;1;1;1;1;1;1;1;1;1;1;1;1;1;1;1;1;1;1;1;1;1;1;1;1;1;1;1;1;1;1;1;1;1;1;1;1;1;1;1;1;1;1;1;1;1;1;1;1;1;1;1;1;1;1;1;1;;3;2;2;3;2;2;2;2;2;1;3;2;2;1;2;2;2;2;2;1;1;1;2;4;2;1;2;2;2;2;2;4;3;3;4;4;3;3;4;2;3;2;3;4;5;3;3;3;3;2;3;3;4;4;4;3;4;2;3;2;3;2;4;3;4;3;4;3;2;1;2;2
35;970;PALESTINIAN S;PALESTINA P;1; ;3;3;2;3;2;3;3;3;2;2;3;3;3;2;2;2;2;2;2;2;2;2;2;3;3;2;3;3;2;3;2;3;3;3;4;4;3;3;2;2;3;2;3;3;4;4;4;4;3;3;3;3;3;3;3;3;3;2;3;3;3;3;3;4;4;3;4;2;2;2;2;2;3;4;3;3;3;3;3;3;3;3;3;4;3;4;3;3; ;1;1;1;1;1;1;1;1;1;1;1;1;1;1;1;1;1;1;1;1;1;1;1;1;1;1;1;1;1;1;1;1;1;1;1;1;1;1;1;1;1;1;1;1;1;1;1;1;1;1;1;1;1;1;1;1;1;1;1;1;1;1;1;1;1;1;1;1;1;1;1;1;1;1;1;1;1;1;1;1;1;1;1;1;1;1;1;1;;2;2;2;2;2;4;3;3;2;2;3;3;3;2;2;2;2;2;2;2;2;2;2;3;2;2;3;3;2;3;2;3;2;3;4;4;3;3;2;2;3;2;2;4;4;4;4;4;3;3;3;3;4;3;4;3;3;2;3;2;3;2;4;4;4;3;4;2;2;1;2;2
36;51;PERÚ;PERÚ;1; ;3;3;2;3;2;2;2;2;2;2;2;3;2;2;2;2;3;2;2;2;2;2;3;3;3;2;2;2;2;2;2;3;2;3;3;3;3;3;3;3;3;3;3;3;4;4;4;3;3;3;3;3;4;4;4;3;4;3;3;3;3;3;3;4;4;3;4;3;2;2;2;3;2;4;4;3;4;2;3;3;3;2;3;4;3;4;3;3; ;1;1;1;1;1;1;1;1;1;1;1;1;1;1;1;1;1;1;1;1;1;1;1;1;1;1;1;1;1;1;1;1;1;1;1;1;1;1;1;1;1;1;1;1;1;1;1;1;1;1;1;1;1;1;1;1;1;1;1;1;1;1;1;1;1;1;1;1;1;1;1;1;1;1;1;1;1;1;1;1;1;1;1;1;1;1;1;1;;3;3;2;3;2;2;2;2;2;2;2;3;2;2;2;2;3;2;3;2;2;2;3;3;3;2;2;2;2;2;2;3;2;3;3;3;2;3;3;3;3;3;2;4;4;4;4;3;3;3;3;3;4;4;4;3;4;2;3;3;3;3;3;4;4;4;4;3;2;1;2;3
37;351;PORTUGAL;PORTUGAL;1; ;3;2;3;3;3;2;2;3;3;2;2;2;2;3;3;3;2;2;2;2;2;2;3;3;3;2;3;2;3;3;2;3;2;3;3;3;3;3;2;2;2;2;4;4;4;4;4;2;2;2;3;2;3;3;3;2;3;2;3;2;2;2;3;3;4;4;3;3;3;3;3;3;3;3;2;3;4;3;3;3;3;3;3;4;3;4;3;4; ;1;1;1;1;1;1;1;1;1;1;1;1;1;1;1;1;1;1;1;1;1;1;1;1;1;1;1;1;1;1;1;1;1;1;1;1;1;1;1;1;1;1;1;1;1;1;1;1;1;1;1;1;1;1;1;1;1;1;1;1;1;1;1;1;1;1;1;1;1;1;1;1;1;1;1;1;1;1;1;1;1;1;1;1;1;1;1;1;;2;2;3;3;2;2;2;3;3;1;2;2;2;2;4;3;2;2;2;2;2;1;3;4;3;2;3;2;2;2;2;4;2;3;3;4;3;3;2;2;2;2;4;4;4;4;4;2;2;2;2;2;3;4;3;2;3;2;3;2;2;2;3;2;4;4;4;3;3;3;3;4
38;7;RUSSIA;RUSIA;1; ;2;2;2;2;2;2;2;3;2;1;2;2;2;2;3;3;2;2;2;2;2;2;2;3;3;2;2;2;2;2;2;3;2;3;3;3;3;3;3;3;2;2;2;4;4;4;2;2;3;2;3;2;4;3;3;2;3;2;2;2;2;2;3;3;3;3;3;2;2;2;2;2;2;4;2;4;4;2;3;2;3;3;2;3;3;4;3;3; ;1;1;1;1;1;1;1;1;1;1;1;1;1;1;1;1;1;1;1;1;1;1;1;1;1;1;1;1;1;1;1;1;1;1;1;1;1;1;1;1;1;1;1;1;1;1;1;1;1;1;1;1;1;1;1;1;1;1;1;1;1;1;1;1;1;1;1;1;1;1;1;1;1;1;1;1;1;1;1;1;1;1;1;1;1;1;1;1;;2;2;2;2;1;1;2;3;2;1;2;2;1;2;2;3;2;2;2;2;2;2;2;3;3;2;2;2;1;2;2;3;2;3;3;4;3;3;2;2;2;2;2;4;4;4;2;2;3;2;3;2;4;3;3;3;3;2;2;2;2;2;4;2;4;3;3;2;2;2;2;2
39;966;SAUDI ARABIA;ARABIA SAUDÍ;1; ;3;3;3;3;3;4;3;3;3;2;4;3;3;2;2;3;2;2;2;2;2;2;2;3;3;3;2;3;3;2;2;4;3;3;3;4;3;3;3;3;2;2;4;4;4;4;4;3;3;3;3;3;4;4;4;4;4;2;3;3;3;3;4;3;4;3;4;3;2;2;2;3;2;3;3;2;2;2;3;3;3;3;3;4;3;3;3;4; ;1;1;1;1;1;1;2;1;1;1;1;1;1;1;1;1;1;1;1;1;1;1;1;1;1;1;1;1;1;1;1;1;1;1;1;1;1;1;1;1;1;1;1;1;1;1;1;1;1;1;1;1;1;1;1;1;1;1;1;1;1;1;1;1;1;1;1;1;1;1;1;1;1;1;1;1;1;1;1;1;1;1;1;1;1;1;1;1;;4;3;4;3;3;4;2;3;3;2;5;4;2;2;2;3;2;2;2;1;1;1;2;3;3;3;2;3;3;3;2;4;3;3;3;4;3;3;3;3;3;2;4;5;5;5;4;3;3;3;3;3;4;4;4;4;4;2;3;3;3;3;4;4;4;3;4;3;2;2;2;3
40;386;SLOVENIA;ESLOVENIA;1; ;3;3;3;2;3;2;2;3;2;3;2;3;3;3;3;3;2;2;2;2;2;2;3;3;3;2;2;2;2;3;2;3;3;3;3;4;3;3;3;3;3;3;4;4;4;4;4;2;2;2;2;2;3;4;3;3;3;2;3;3;3;3;3;2;3;3;3;3;3;3;3;3;3;3;3;4;5;3;3;3;3;3;3;3;3;3;3;3; ;1;1;1;1;1;1;1;1;1;1;1;1;1;1;1;1;1;1;1;1;1;1;1;1;1;1;1;1;1;1;1;1;1;1;1;1;1;1;1;1;1;1;1;1;1;1;1;1;1;1;1;1;1;1;1;1;1;1;1;1;1;1;1;1;1;1;1;1;1;1;1;1;1;1;1;1;1;1;1;1;1;1;1;1;1;1;1;1;;2;3;3;2;2;1;3;3;2;3;2;2;2;3;3;3;2;2;3;2;2;2;3;3;3;2;2;2;2;3;2;3;3;3;3;4;3;3;2;2;3;3;4;4;4;4;4;2;2;2;2;2;3;4;3;3;3;2;3;3;2;2;3;2;3;3;3;4;3;3;3;3
41;27;SOUTH AFRICA;SÁFRICA;1; ;2;3;2;2;2;2;2;3;3;2;2;3;2;2;3;3;2;2;2;2;2;2;2;3;2;2;2;2;2;3;2;3;2;3;3;3;3;3;2;2;2;3;3;3;3;3;3;3;2;2;3;2;4;3;4;3;3;2;2;2;2;2;4;3;4;4;4;3;3;2;3;4;3;4;3;3;3;3;3;2;3;3;3;4;3;4;3;3; ;1;1;1;1;1;1;1;1;1;1;1;1;1;1;1;1;1;1;1;1;1;1;1;1;1;1;1;1;1;1;1;1;1;1;1;1;1;1;1;1;1;1;1;1;1;1;1;1;1;1;1;1;1;1;1;1;1;1;1;1;1;1;1;1;1;1;1;1;1;1;1;1;1;1;1;1;1;1;1;1;1;1;1;1;1;1;1;1;;2;2;2;2;2;2;2;3;3;1;2;2;2;2;3;3;2;2;2;2;2;2;2;2;2;2;2;2;2;3;2;4;2;3;4;4;3;3;3;2;2;3;4;2;2;3;4;3;2;2;3;2;4;3;4;3;4;2;2;2;2;2;4;2;4;4;4;4;3;2;2;4
42;34;SPAIN;ESPAÑA;1; ;2;2;3;2;2;2;2;2;3;2;2;3;2;2;3;2;3;2;2;2;2;1;2;3;2;2;2;2;2;4;2;4;2;3;3;3;3;3;2;2;2;3;4;4;3;4;4;3;2;2;2;2;3;3;3;2;3;2;3;2;2;2;3;2;4;3;3;3;3;2;2;3;2;3;2;3;4;2;3;3;3;2;2;4;3;4;2;3; ;1;1;1;1;1;1;1;1;1;1;1;1;1;1;1;1;1;1;1;1;1;1;1;1;1;1;1;1;1;1;1;1;1;1;1;1;1;1;1;1;1;1;1;1;1;1;1;1;1;1;1;1;1;1;1;1;1;1;1;1;1;1;1;1;1;1;1;1;1;1;1;1;1;1;1;1;1;1;1;1;1;1;1;1;1;1;1;1;;2;2;3;2;2;2;2;2;3;1;2;2;2;2;3;2;3;2;2;1;1;1;2;3;2;2;2;1;2;4;2;4;2;3;3;3;2;3;2;2;2;3;4;4;4;4;4;3;2;2;2;2;3;3;3;2;2;2;3;2;2;2;2;2;4;3;3;3;2;1;2;4
43;46;SWEEDEN;SUECIA;1; ;3;2;3;2;2;3;2;3;3;2;2;3;2;2;4;3;3;2;2;2;2;2;2;3;2;2;2;2;2;3;3;4;2;3;3;2;3;3;3;2;3;3;3;4;4;4;4;2;2;2;3;2;4;4;3;3;3;2;2;2;2;2;3;2;3;4;4;4;3;2;3;3;4;4;3;3;4;3;3;3;3;3;3;4;4;4;3;3; ;1;1;1;1;1;1;1;1;1;1;1;1;1;1;1;1;1;1;1;1;1;1;1;1;1;1;1;1;1;1;1;1;1;1;1;1;1;1;1;1;1;1;1;1;1;1;1;1;1;1;1;1;1;1;1;1;1;1;1;1;1;1;1;1;1;1;1;1;1;1;1;1;1;1;1;1;1;1;1;1;1;1;1;1;1;1;1;1;;2;2;2;2;2;3;1;3;3;1;2;2;2;2;4;3;3;2;2;2;2;2;2;2;2;2;2;2;2;3;3;4;2;3;4;3;3;3;2;2;3;3;3;5;5;4;5;2;2;2;3;2;4;4;3;4;3;2;2;2;2;2;3;2;4;4;4;4;3;2;2;4
44;41;SWITZERLAND;SUIZA;1; ;3;3;3;3;3;3;3;3;3;3;4;4;3;3;4;3;3;3;3;3;2;2;3;3;3;4;3;3;3;4;4;4;3;3;4;4;2;2;3;3;3;3;5;4;5;4;5;3;3;2;3;4;4;4;4;4;3;2;3;3;3;3;3;3;4;4;4;4;4;4;4;4;2;3;3;3;4;3;3;3;3;3;4;4;4;4;3;3; ;1;1;1;1;1;1;1;1;1;1;1;1;1;1;1;1;1;1;1;1;1;1;1;1;1;1;1;1;1;1;1;1;1;1;1;1;1;1;1;1;1;1;1;1;1;1;1;1;1;1;1;1;1;1;1;1;1;1;1;1;1;1;1;1;1;1;1;1;1;1;1;1;1;1;1;1;1;1;1;1;1;1;1;1;1;1;1;1;;4;3;3;4;4;3;3;3;3;3;4;4;3;3;4;4;3;3;3;3;2;2;3;4;3;4;3;3;3;4;4;4;3;3;4;4;2;2;3;3;3;3;5;4;5;5;5;3;3;2;3;4;4;4;3;4;3;2;3;3;2;3;4;2;4;4;4;4;4;4;4;4
45;886;TAIWAN;TAIWAN;1; ;4;3;4;3;3;3;2;3;3;2;3;4;3;3;4;3;3;3;3;3;2;2;3;3;3;3;3;3;3;4;3;3;3;3;3;3;4;4;3;3;3;3;4;4;4;4;4;4;4;4;4;4;4;3;3;4;3;3;3;3;3;3;4;4;5;4;4;4;4;3;4;4;4;4;4;4;4;4;4;3;4;4;4;4;4;4;4;4; ;1;1;1;1;1;1;1;1;1;1;1;1;1;1;1;1;1;1;1;1;1;1;1;1;1;1;1;1;1;1;1;1;1;1;1;1;1;1;1;1;1;1;1;1;1;1;1;1;1;1;1;1;1;1;1;1;1;1;1;1;1;1;1;1;0;1;1;1;1;1;1;1;1;1;1;1;1;1;1;1;1;1;1;1;1;1;1;1;;4;4;4;3;3;2;2;4;3;2;4;4;4;3;4;4;4;3;4;3;2;2;3;3;4;4;4;3;3;4;3;4;2;2;3;2;4;4;3;3;4;3;4;4;4;4;4;4;4;4;4;4;4;3;3;4;4;2;3;3;3;3;5;4;5;4;5;4;4;3;4;4
46;1868;TRINIDAD T;TRINIDAD T;1; ;2;3;2;2;2;2;2;3;2;1;3;4;2;2;2;3;3;2;2;2;2;2;3;3;3;2;2;2;2;2;2;3;2;3;3;4;3;3;3;2;3;2;3;4;3;4;3;3;3;2;3;3;4;3;3;3;3;2;2;2;2;2;4;3;4;3;4;3;2;2;2;2;3;3;3;3;3;2;3;3;3;3;3;4;3;4;3;3; ;1;1;1;1;1;1;1;1;1;1;1;1;1;1;1;1;1;1;1;1;1;1;1;1;1;1;1;1;1;1;1;1;1;1;1;1;1;1;1;1;1;1;1;1;1;1;1;1;1;1;1;1;1;1;1;1;1;1;1;1;1;1;1;1;1;1;1;1;1;1;1;1;1;1;1;1;1;1;1;1;1;1;1;1;1;1;1;1;;2;4;2;2;2;2;2;3;2;1;3;4;2;2;2;3;2;2;2;2;2;2;2;3;3;2;2;2;1;2;2;3;2;3;4;4;3;3;3;2;2;2;3;4;4;4;4;3;2;2;2;3;4;4;4;3;3;2;2;2;2;2;4;3;4;4;4;3;2;1;2;2
47;216;TUNISIA;TÚNEZ;1; ;3;4;4;3;3;2;4;5;5;3;3;4;4;4;4;4;3;3;3;2;2;2;3;3;3;2;2;2;3;3;3;3;3;3;4;3;4;4;2;2;2;3;4;4;4;4;4;4;3;3;3;3;4;3;5;3;3;3;3;3;3;3;4;3;4;3;4;3;3;2;3;4;4;4;4;4;4;3;4;3;4;4;4;4;4;4;3;4; ;1;1;1;1;1;1;1;0;1;2;1;1;1;1;1;1;1;1;1;1;1;1;1;1;1;1;1;1;1;1;1;1;1;1;1;1;1;1;1;1;1;1;1;1;1;1;1;1;1;1;1;1;1;1;9;1;1;1;1;1;1;1;1;1;1;1;1;1;1;1;1;1;1;1;1;1;1;1;1;1;1;1;1;1;1;1;1;1;;3;4;4;3;3;2;4;5;5;4;3;4;4;4;4;4;3;4;3;2;2;2;3;3;3;2;2;2;3;3;3;3;2;3;4;3;4;4;2;2;2;3;4;4;4;4;4;4;3;2;3;4;4;4;4;3;3;3;3;3;3;3;4;3;4;3;4;3;3;2;3;4
48;90;TURKEY;TURQUÍA;1; ;2;2;2;2;2;2;2;3;3;2;2;2;2;3;3;3;2;2;2;2;2;2;2;3;3;3;3;2;2;2;2;3;2;2;3;3;4;4;3;2;2;2;3;3;4;3;4;3;2;2;2;2;3;3;3;3;4;3;3;2;2;2;4;4;4;4;4;3;2;1;2;2;2;2;2;2;3;3;3;3;2;2;2;3;3;3;3;3; ;1;1;1;1;1;1;1;1;1;1;1;1;1;1;1;1;0;1;1;1;1;1;1;1;1;1;1;1;1;1;1;1;1;1;1;1;1;1;1;1;1;1;1;1;1;1;1;1;1;1;1;1;1;1;1;1;1;1;1;0;1;1;1;1;1;1;1;1;1;1;1;1;1;1;1;1;1;1;1;1;1;1;1;1;1;1;1;1;;2;2;2;2;2;2;2;2;3;3;2;2;2;2;3;3;2;2;2;2;3;2;2;2;3;3;2;2;2;2;2;3;2;2;3;3;4;4;2;2;2;2;3;3;4;3;4;2;2;2;2;2;3;3;3;3;4;3;3;2;2;2;4;4;4;4;4;2;2;1;2;2
48;256;UGANDA;UGANDA;1; ;2;3;2;2;2;2;2;3;2;2;1;2;2;2;3;3;2;2;2;2;2;2;2;3;3;2;2;2;2;2;2;3;2;3;3;4;4;3;3;3;3;2;2;3;4;3;3;3;3;3;3;3;4;4;4;4;4;2;3;2;3;2;4;4;4;4;4;2;1;2;1;2;3;4;4;3;3;3;4;3;3;3;3;4;4;4;3;4; ;1;1;1;1;1;1;1;1;1;1;1;1;1;1;1;1;1;1;1;1;1;1;1;1;1;1;1;1;1;1;1;1;1;1;1;1;1;1;1;1;1;1;1;1;1;1;1;1;1;1;1;1;1;1;1;1;1;1;1;1;1;1;1;1;1;1;1;1;1;1;1;1;1;1;1;1;1;1;1;1;1;1;1;1;1;1;1;1;;2;2;2;2;2;2;2;3;2;1;1;2;1;1;2;2;2;1;2;1;2;2;2;4;4;2;2;1;1;2;2;4;2;3;3;4;4;3;3;3;3;1;2;4;4;3;3;3;2;3;3;3;4;4;4;4;4;2;3;2;3;2;4;4;5;4;4;2;1;1;1;1
49;44;UK;RU;1; ;3;2;2;3;3;2;2;3;3;2;2;3;2;3;4;3;2;2;2;3;2;2;3;2;3;3;2;2;2;3;3;4;2;3;4;3;3;3;3;2;3;3;4;4;4;4;4;3;3;2;3;3;4;3;3;3;3;2;2;2;2;2;4;2;4;4;4;4;3;3;3;4;3;4;3;3;3;3;4;3;4;4;3;4;4;4;3;4; ;1;1;1;1;1;1;1;1;1;1;1;1;1;1;1;1;1;1;1;1;1;1;1;1;1;1;1;1;1;1;1;1;1;1;1;1;1;1;1;1;1;1;1;1;1;1;1;1;1;1;1;1;1;1;1;1;1;1;1;1;1;1;1;1;1;1;1;1;1;1;1;1;1;1;1;1;1;1;1;1;1;1;1;1;1;1;1;1;;3;2;2;3;2;2;2;3;2;2;2;3;2;2;4;3;2;2;2;2;2;1;2;2;3;3;2;2;2;4;3;4;2;3;4;3;3;3;2;2;3;3;4;5;4;4;5;3;3;2;3;2;4;3;3;3;3;2;2;2;2;2;4;2;4;4;4;4;4;2;3;4
50;598;URUGUAY;URUGUAY;1; ;2;3;3;2;2;1;2;3;2;2;2;4;3;3;4;3;3;3;3;2;2;2;3;4;3;2;3;2;3;4;3;4;2;3;3;4;2;2;2;2;3;2;4;4;5;4;5;2;2;2;2;2;3;3;4;2;3;2;2;2;2;2;3;3;3;3;3;3;3;2;3;4;3;3;3;3;4;3;3;3;3;3;3;3;3;3;3;3; ;1;1;1;1;1;0;1;1;1;1;1;1;1;1;1;1;1;1;1;1;1;1;1;1;1;1;1;1;1;1;1;1;1;1;1;1;1;1;1;1;1;1;1;1;1;1;1;1;1;1;1;1;1;1;1;1;1;1;1;1;1;1;1;1;1;1;1;1;1;1;1;1;1;1;1;1;1;1;1;1;1;1;1;1;1;1;1;1;;2;3;3;2;2;1;2;3;2;1;2;4;3;4;4;3;3;3;3;2;2;1;3;4;4;3;3;2;2;4;2;4;2;3;3;4;2;2;2;3;3;2;4;4;5;4;5;2;2;2;2;2;4;4;4;2;3;2;2;2;2;2;3;2;3;3;3;3;3;2;3;4
51;1;USA;EE.UU.;1; ;2;3;2;2;2;2;2;3;3;2;2;3;2;2;3;3;3;3;3;2;2;2;3;3;3;2;2;2;2;3;3;3;3;3;3;4;3;3;3;3;3;3;3;4;4;4;4;4;4;4;4;4;4;3;4;3;3;2;2;2;2;2;4;3;4;4;4;3;3;3;3;4;3;4;3;3;4;3;3;3;4;3;4;4;4;4;3;3; ;1;1;1;1;1;1;1;1;1;1;1;1;1;2;1;1;1;1;1;1;1;1;1;1;1;1;1;1;1;1;1;1;1;1;1;1;1;1;1;1;1;1;1;1;1;1;1;1;1;1;1;1;1;1;1;1;1;1;1;1;1;1;1;1;1;1;1;1;1;1;1;1;1;1;1;1;1;1;1;1;1;1;1;1;1;1;1;1;;2;2;2;2;2;2;2;3;4;2;2;2;2;2;4;3;3;2;3;2;2;1;3;2;3;2;2;2;2;3;3;4;2;3;4;4;3;3;3;2;3;3;3;4;4;4;4;4;4;4;4;4;4;3;4;3;3;2;2;2;2;2;4;4;4;5;5;4;3;3;3;4
52;678;VANUATU;VANUATU;1; ;2;2;1;2;1;1;2;2;2;2;2;2;2;2;2;2;2;2;2;2;2;2;3;3;3;2;2;2;2;2;2;2;2;2;2;3;3;3;3;2;2;2;2;2;3;2;3;2;2;2;2;2;3;3;3;3;2;2;2;2;2;2;3;3;3;3;3;2;2;2;2;3;3;4;4;3;4;2;3;2;2;2;4;4;4;4;4;4; ;1;1;1;1;1;1;2;1;1;1;2;1;2;2;1;2;2;1;1;1;1;1;2;2;2;2;1;2;2;2;1;2;1;2;2;2;2;2;6;1;1;1;1;2;2;1;2;2;1;1;2;2;2;2;2;2;2;1;2;2;1;2;2;1;2;2;1;1;1;1;1;2;2;1;2;2;2;2;2;2;2;2;1;1;1;1;1;1;;1;1;1;1;1;1;1;1;1;1;1;1;2;1;1;1;1;1;1;1;1;2;3;3;3;1;1;1;1;1;1;1;1;1;1;3;3;3;1;1;2;1;1;1;3;2;2;1;1;1;1;2;4;4;3;3;2;1;2;2;2;2;3;3;4;3;4;1;1;1;1;3
53;260;ZAMBIA;ZAMBIA;1; ;2;2;2;2;2;3;2;3;3;2;2;4;2;2;2;3;3;3;3;3;2;2;2;3;3;2;2;2;2;2;2;4;2;3;3;4;3;3;3;3;3;3;2;3;4;3;3;3;2;3;3;3;4;4;4;4;4;2;3;3;2;2;3;3;4;3;4;3;2;2;2;3;3;4;4;3;3;3;4;3;3;4;3;4;4;4;3;4; ;1;1;1;1;1;1;1;1;1;1;1;1;1;1;2;1;1;1;1;1;1;1;1;1;1;1;1;1;1;1;1;1;1;1;1;1;1;1;1;1;1;1;1;1;1;1;1;1;1;1;1;1;1;1;1;1;1;1;1;1;1;1;1;1;1;1;1;1;1;1;1;1;1;1;1;1;1;1;1;1;1;1;1;1;1;1;1;1;;2;2;2;2;2;2;2;3;3;2;2;4;2;2;2;3;3;2;3;2;2;2;2;3;4;2;2;1;1;2;2;4;2;3;3;4;3;3;3;3;3;3;2;4;4;3;3;2;2;2;3;2;5;4;5;3;4;2;3;3;2;2;3;3;4;3;4;3;2;2;2;2